{
	"info": {
		"_postman_id": "ecommerce-product-api",
		"name": "E-commerce Product API",
		"description": "RESTful API for managing products in an e-commerce platform",
		"schema": "https://schema.getpostman.com/json/collection/v2.1.0/collection.json"
	},
	"item": [
		{
			"name": "Health Check",
			"request": {
				"method": "GET",
				"header": [],
				"url": {
					"raw": "http://localhost:3000/health",
					"protocol": "http",
					"host": [
						"localhost"
					],
					"port": "3000",
					"path": [
						"health"
					]
				}
			},
			"response": []
		},
		{
			"name": "Get All Products",
			"request": {
				"method": "GET",
				"header": [],
				"url": {
					"raw": "http://localhost:3000/products",
					"protocol": "http",
					"host": [
						"localhost"
					],
					"port": "3000",
					"path": [
						"products"
					]
				}
			},
			"response": []
		},
		{
			"name": "Get Product by ID",
			"request": {
				"method": "GET",
				"header": [],
				"url": {
					"raw": "http://localhost:3000/products/1",
					"protocol": "http",
					"host": [
						"localhost"
					],
					"port": "3000",
					"path": [
						"products",
						"1"
					]
				}
			},
			"response": []
		},
		{
			"name": "Filter Products by Category",
			"request": {
				"method": "GET",
				"header": [],
				"url": {
					"raw": "http://localhost:3000/products?category=Apparel",
					"protocol": "http",
					"host": [
						"localhost"
					],
					"port": "3000",
					"path": [
						"products"
					],
					"query": [
						{
							"key": "category",
							"value": "Apparel"
						}
					]
				}
			},
			"response": []
		},
		{
			"name": "Add New Product",
			"request": {
				"method": "POST",
				"header": [
					{
						"key": "Content-Type",
						"value": "application/json"
					}
				],
				"body": {
					"mode": "raw",
					"raw": "{\n  \"name\": \"New Product\",\n  \"category\": \"Electronics\",\n  \"price\": 99.99,\n  \"description\": \"Product description\",\n  \"stock\": 25,\n  \"image\": \"https://example.com/product.jpg\"\n}"
				},
				"url": {
					"raw": "http://localhost:3000/products",
					"protocol": "http",
					"host": [
						"localhost"
					],
					"port": "3000",
					"path": [
						"products"
					]
				}
			},
			"response": []
		},
		{
			"name": "Test Validation (Should Fail)",
			"request": {
				"method": "POST",
				"header": [
					{
						"key": "Content-Type",
						"value": "application/json"
					}
				],
				"body": {
					"mode": "raw",
					"raw": "{\n  \"name\": \"Invalid Product\",\n  \"price\": -10\n}"
				},
				"url": {
					"raw": "http://localhost:3000/products",
					"protocol": "http",
					"host": [
						"localhost"
					],
					"port": "3000",
					"path": [
						"products"
					]
				}
			},
			"response": []
		}
	],
	"event": [
		{
			"listen": "prerequest",
			"script": {
				"type": "text/javascript",
				"exec": [
					""
				]
			}
		},
		{
			"listen": "test",
			"script": {
				"type": "text/javascript",
				"exec": [
					""
				]
			}
		}
	],
	"variable": [
		{
			"key": "baseUrl",
			"value": "http://localhost:3000",
			"type": "string"
		}
	]
} 